{"$schema":"http://schema.management.azure.com/schemas/2015-01-01/deploymentTemplate.json#","contentVersion":"1.0.0.0","parameters":{"factoryName":{"type":"string","metadata":"Data Factory name"},"ErrorAcademicCR_LS":{"type":"string"},"ErrorDemographicCR_LS":{"type":"string"},"ErrorFinanceCR_LS":{"type":"string"},"ErrorNewStudentCR_LS":{"type":"string"},"ErrorRegistryCR_LS":{"type":"string"},"ErrorScholarshipCR_LS":{"type":"string"},"StagingAcademicCR_LS":{"type":"string"},"StagingDemographicCR_LS":{"type":"string"},"StagingFinanceCR_LS":{"type":"string"},"StagingNewStudentsCR_LS":{"type":"string"},"StagingRegistryCR_LS":{"type":"string"},"StagingScholarshipCR_LS":{"type":"string"},"UpdateWeekCR_LS":{"type":"string"},"GenerateReportCR_LS":{"type":"string"},"RiskFactorsCR_LS":{"type":"string"},"CR_SFTP_LinkedService":{"type":"string"},"AzureStorageLinkedService":{"type":"string"}},"variables":{"factoryId":"[concat('Microsoft.DataFactory/factories/', parameters('factoryName'))]"},"resources":[{"name":"[concat(parameters('factoryName'), '/DataProcess_CR')]","type":"Microsoft.DataFactory/factories/pipelines","apiVersion":"2018-06-01","properties":{"activities":[{"name":"Motor_Latina_LNO","type":"Copy","dependsOn":[],"policy":{"timeout":"7.00:00:00","retry":1,"retryIntervalInSeconds":30,"secureOutput":false,"secureInput":false},"userProperties":[],"typeProperties":{"source":{"type":"FileSystemSource","recursive":false},"sink":{"type":"BlobSink"},"enableStaging":false,"dataIntegrationUnits":0,"translator":{"type":"TabularTranslator","columnMappings":{"student id":"student id","gender":"gender","marital status":"marital status","age":"age","zipcode or geocode":"zipcode or geocode","city":"city","state":"state","high school":"high school","high shool type":"high shool type","high school graduation year":"high school graduation year","programme of study":"programme of study","faculty or school":"faculty or school","degree level":"degree level","campus":"campus","enrolment cohort":"enrolment cohort","enrolment year":"enrolment year","num academic cycles":"num academic cycles","total courses enrolled":"total courses enrolled","total courses failed":"total courses failed","credits earned":"credits earned","credits attempted":"credits attempted","academic cycle":"academic cycle","schedule":"schedule","class start date":"class start date","enrolment date":"enrolment date","credits enrolled":"credits enrolled","courses enrolled":"courses enrolled","courses dropped":"courses dropped","final grade":"final grade","credits earned cycle":"credits earned cycle","graduation flag":"graduation flag","stopout flag":"stopout flag","early stopout flag":"early stopout flag","withdrawal flag":"withdrawal flag","withdrawal type":"withdrawal type","student type":"student type","student sub type":"student sub type","sholarship flag":"sholarship flag","scholarship percent":"scholarship percent","discount percent":"discount percent","scholarship type":"scholarship type","payment plan":"payment plan","total balance":"total balance","payment 1 amount":"payment 1 amount","payment 2 amount":"payment 2 amount","payment 3 amount":"payment 3 amount","payment 4 amount":"payment 4 amount","payment 1 due date":"payment 1 due date","payment 2 due date":"payment 2 due date","payment 3 due date":"payment 3 due date","payment 4 due date":"payment 4 due date","payment 1 date":"payment 1 date","payment 2 date":"payment 2 date","payment 3 date":"payment 3 date","payment 4 date":"payment 4 date","academic week":"academic week"}}},"inputs":[{"referenceName":"ULATINA_SFTP","type":"DatasetReference","parameters":{}}],"outputs":[{"referenceName":"Motor_Ulatina_Blob","type":"DatasetReference","parameters":{}}]},{"name":"Motor_UAM_LNO","type":"Copy","dependsOn":[{"activity":"Motor_Latina_LNO","dependencyConditions":["Succeeded"]}],"policy":{"timeout":"7.00:00:00","retry":1,"retryIntervalInSeconds":30,"secureOutput":false,"secureInput":false},"userProperties":[],"typeProperties":{"source":{"type":"FileSystemSource","recursive":false},"sink":{"type":"BlobSink"},"enableStaging":false,"dataIntegrationUnits":0},"inputs":[{"referenceName":"UAM_SFTP","type":"DatasetReference","parameters":{}}],"outputs":[{"referenceName":"Motor_UAM_Blob","type":"DatasetReference","parameters":{}}]},{"name":"ErrorAcademic","type":"AzureMLBatchExecution","dependsOn":[{"activity":"Motor_UAM_LNO","dependencyConditions":["Succeeded"]}],"policy":{"timeout":"7.00:00:00","retry":0,"retryIntervalInSeconds":30,"secureOutput":false,"secureInput":false},"userProperties":[],"typeProperties":{},"linkedServiceName":{"referenceName":"[parameters('ErrorAcademicCR_LS')]","type":"LinkedServiceReference"}},{"name":"ErrorDemographic","type":"AzureMLBatchExecution","dependsOn":[{"activity":"Motor_UAM_LNO","dependencyConditions":["Succeeded"]}],"policy":{"timeout":"7.00:00:00","retry":0,"retryIntervalInSeconds":30,"secureOutput":false,"secureInput":false},"userProperties":[],"typeProperties":{},"linkedServiceName":{"referenceName":"[parameters('ErrorDemographicCR_LS')]","type":"LinkedServiceReference"}},{"name":"ErrorFinance","type":"AzureMLBatchExecution","dependsOn":[{"activity":"Motor_UAM_LNO","dependencyConditions":["Succeeded"]}],"policy":{"timeout":"7.00:00:00","retry":0,"retryIntervalInSeconds":30,"secureOutput":false,"secureInput":false},"userProperties":[],"typeProperties":{},"linkedServiceName":{"referenceName":"[parameters('ErrorFinanceCR_LS')]","type":"LinkedServiceReference"}},{"name":"ErrorNewStudent","type":"AzureMLBatchExecution","dependsOn":[{"activity":"Motor_UAM_LNO","dependencyConditions":["Succeeded"]}],"policy":{"timeout":"7.00:00:00","retry":0,"retryIntervalInSeconds":30,"secureOutput":false,"secureInput":false},"userProperties":[],"typeProperties":{},"linkedServiceName":{"referenceName":"[parameters('ErrorNewStudentCR_LS')]","type":"LinkedServiceReference"}},{"name":"ErrorRegistry","type":"AzureMLBatchExecution","dependsOn":[{"activity":"Motor_UAM_LNO","dependencyConditions":["Succeeded"]}],"policy":{"timeout":"7.00:00:00","retry":0,"retryIntervalInSeconds":30,"secureOutput":false,"secureInput":false},"userProperties":[],"typeProperties":{},"linkedServiceName":{"referenceName":"[parameters('ErrorRegistryCR_LS')]","type":"LinkedServiceReference"}},{"name":"ErrorScholarship","type":"AzureMLBatchExecution","dependsOn":[{"activity":"Motor_UAM_LNO","dependencyConditions":["Succeeded"]}],"policy":{"timeout":"7.00:00:00","retry":0,"retryIntervalInSeconds":30,"secureOutput":false,"secureInput":false},"userProperties":[],"typeProperties":{},"linkedServiceName":{"referenceName":"[parameters('ErrorScholarshipCR_LS')]","type":"LinkedServiceReference"}},{"name":"StagingAcademic","type":"AzureMLBatchExecution","dependsOn":[{"activity":"ErrorAcademic","dependencyConditions":["Succeeded"]}],"policy":{"timeout":"7.00:00:00","retry":0,"retryIntervalInSeconds":30,"secureOutput":false,"secureInput":false},"userProperties":[],"typeProperties":{},"linkedServiceName":{"referenceName":"[parameters('StagingAcademicCR_LS')]","type":"LinkedServiceReference"}},{"name":"StagingDemographic","type":"AzureMLBatchExecution","dependsOn":[{"activity":"ErrorDemographic","dependencyConditions":["Succeeded"]}],"policy":{"timeout":"7.00:00:00","retry":0,"retryIntervalInSeconds":30,"secureOutput":false,"secureInput":false},"userProperties":[],"typeProperties":{},"linkedServiceName":{"referenceName":"[parameters('StagingDemographicCR_LS')]","type":"LinkedServiceReference"}},{"name":"StagingFinance","type":"AzureMLBatchExecution","dependsOn":[{"activity":"ErrorFinance","dependencyConditions":["Succeeded"]}],"policy":{"timeout":"7.00:00:00","retry":0,"retryIntervalInSeconds":30,"secureOutput":false,"secureInput":false},"userProperties":[],"typeProperties":{},"linkedServiceName":{"referenceName":"[parameters('StagingFinanceCR_LS')]","type":"LinkedServiceReference"}},{"name":"StagingNewStudents","type":"AzureMLBatchExecution","dependsOn":[{"activity":"ErrorNewStudent","dependencyConditions":["Succeeded"]}],"policy":{"timeout":"7.00:00:00","retry":0,"retryIntervalInSeconds":30,"secureOutput":false,"secureInput":false},"userProperties":[],"typeProperties":{},"linkedServiceName":{"referenceName":"[parameters('StagingNewStudentsCR_LS')]","type":"LinkedServiceReference"}},{"name":"StagingRegistry","type":"AzureMLBatchExecution","dependsOn":[{"activity":"ErrorRegistry","dependencyConditions":["Succeeded"]}],"policy":{"timeout":"7.00:00:00","retry":0,"retryIntervalInSeconds":30,"secureOutput":false,"secureInput":false},"userProperties":[],"typeProperties":{},"linkedServiceName":{"referenceName":"[parameters('StagingRegistryCR_LS')]","type":"LinkedServiceReference"}},{"name":"StagingScholarship","type":"AzureMLBatchExecution","dependsOn":[{"activity":"ErrorScholarship","dependencyConditions":["Succeeded"]}],"policy":{"timeout":"7.00:00:00","retry":0,"retryIntervalInSeconds":30,"secureOutput":false,"secureInput":false},"userProperties":[],"typeProperties":{},"linkedServiceName":{"referenceName":"[parameters('StagingScholarshipCR_LS')]","type":"LinkedServiceReference"}},{"name":"UpdateWeek","type":"AzureMLBatchExecution","dependsOn":[{"activity":"StagingAcademic","dependencyConditions":["Succeeded"]},{"activity":"StagingDemographic","dependencyConditions":["Succeeded"]},{"activity":"StagingFinance","dependencyConditions":["Succeeded"]},{"activity":"StagingNewStudents","dependencyConditions":["Succeeded"]},{"activity":"StagingRegistry","dependencyConditions":["Succeeded"]},{"activity":"StagingScholarship","dependencyConditions":["Succeeded"]}],"policy":{"timeout":"7.00:00:00","retry":0,"retryIntervalInSeconds":30,"secureOutput":false,"secureInput":false},"userProperties":[],"typeProperties":{},"linkedServiceName":{"referenceName":"[parameters('UpdateWeekCR_LS')]","type":"LinkedServiceReference"}},{"name":"RetentionEngines","type":"ExecutePipeline","dependsOn":[{"activity":"UpdateWeek","dependencyConditions":["Succeeded"]}],"userProperties":[],"typeProperties":{"pipeline":{"referenceName":"RetentionPipeline_CR","type":"PipelineReference"},"waitOnCompletion":true,"parameters":{}}},{"name":"GenerateReport","type":"AzureMLBatchExecution","dependsOn":[{"activity":"RiskFactors","dependencyConditions":["Succeeded"]}],"policy":{"timeout":"7.00:00:00","retry":0,"retryIntervalInSeconds":30,"secureOutput":false,"secureInput":false},"userProperties":[],"typeProperties":{},"linkedServiceName":{"referenceName":"[parameters('GenerateReportCR_LS')]","type":"LinkedServiceReference"}},{"name":"RiskFactors","type":"AzureMLBatchExecution","dependsOn":[{"activity":"RetentionEngines","dependencyConditions":["Succeeded"]}],"policy":{"timeout":"7.00:00:00","retry":0,"retryIntervalInSeconds":30,"secureOutput":false,"secureInput":false},"userProperties":[],"typeProperties":{},"linkedServiceName":{"referenceName":"[parameters('RiskFactorsCR_LS')]","type":"LinkedServiceReference"}},{"name":"MailSummaryPipeline","type":"ExecutePipeline","dependsOn":[{"activity":"SaveToBlob","dependencyConditions":["Succeeded"]}],"userProperties":[],"typeProperties":{"pipeline":{"referenceName":"MailSummary_CR","type":"PipelineReference"},"waitOnCompletion":true,"parameters":{}}},{"name":"SaveToBlob","type":"ExecutePipeline","dependsOn":[{"activity":"GenerateReport","dependencyConditions":["Succeeded"]}],"userProperties":[],"typeProperties":{"pipeline":{"referenceName":"SaveToBlob_CR","type":"PipelineReference"},"waitOnCompletion":true,"parameters":{}}}],"folder":{"name":"Costa Rica"},"annotations":[],"lastPublishTime":"2019-06-11T19:33:33Z"},"dependsOn":["[concat(variables('factoryId'), '/datasets/ULATINA_SFTP')]","[concat(variables('factoryId'), '/datasets/Motor_Ulatina_Blob')]","[concat(variables('factoryId'), '/datasets/UAM_SFTP')]","[concat(variables('factoryId'), '/datasets/Motor_UAM_Blob')]","[concat(variables('factoryId'), '/pipelines/RetentionPipeline_CR')]","[concat(variables('factoryId'), '/pipelines/MailSummary_CR')]","[concat(variables('factoryId'), '/pipelines/SaveToBlob_CR')]"]},{"name":"[concat(parameters('factoryName'), '/ULATINA_SFTP')]","type":"Microsoft.DataFactory/factories/datasets","apiVersion":"2018-06-01","properties":{"linkedServiceName":{"referenceName":"[parameters('CR_SFTP_LinkedService')]","type":"LinkedServiceReference"},"folder":{"name":"Costa Rica"},"annotations":[],"type":"FileShare","structure":[{"name":"student id","type":"String"},{"name":"gender","type":"String"},{"name":"marital status","type":"String"},{"name":"age","type":"String"},{"name":"zipcode or geocode","type":"String"},{"name":"city","type":"String"},{"name":"state","type":"String"},{"name":"high school","type":"String"},{"name":"high shool type","type":"String"},{"name":"high school graduation year","type":"String"},{"name":"programme of study","type":"String"},{"name":"faculty or school","type":"String"},{"name":"degree level","type":"String"},{"name":"campus","type":"String"},{"name":"enrolment cohort","type":"String"},{"name":"enrolment year","type":"String"},{"name":"num academic cycles","type":"String"},{"name":"total courses enrolled","type":"String"},{"name":"total courses failed","type":"String"},{"name":"credits earned","type":"String"},{"name":"credits attempted","type":"String"},{"name":"academic cycle","type":"String"},{"name":"schedule","type":"String"},{"name":"class start date","type":"String"},{"name":"enrolment date","type":"String"},{"name":"credits enrolled","type":"String"},{"name":"courses enrolled","type":"String"},{"name":"courses dropped","type":"String"},{"name":"final grade","type":"String"},{"name":"credits earned cycle","type":"String"},{"name":"graduation flag","type":"String"},{"name":"stopout flag","type":"String"},{"name":"early stopout flag","type":"String"},{"name":"withdrawal flag","type":"String"},{"name":"withdrawal type","type":"String"},{"name":"student type","type":"String"},{"name":"student sub type","type":"String"},{"name":"sholarship flag","type":"String"},{"name":"scholarship percent","type":"String"},{"name":"discount percent","type":"String"},{"name":"scholarship type","type":"String"},{"name":"payment plan","type":"String"},{"name":"total balance","type":"String"},{"name":"payment 1 amount","type":"String"},{"name":"payment 2 amount","type":"String"},{"name":"payment 3 amount","type":"String"},{"name":"payment 4 amount","type":"String"},{"name":"payment 1 due date","type":"String"},{"name":"payment 2 due date","type":"String"},{"name":"payment 3 due date","type":"String"},{"name":"payment 4 due date","type":"String"},{"name":"payment 1 date","type":"String"},{"name":"payment 2 date","type":"String"},{"name":"payment 3 date","type":"String"},{"name":"payment 4 date","type":"String"},{"name":"academic week","type":"String"}],"typeProperties":{"format":{"type":"TextFormat","columnDelimiter":",","rowDelimiter":"","nullValue":"\\N","treatEmptyAsNull":true,"skipLineCount":0,"firstRowAsHeader":true},"fileName":"Motor_Latina_LNO.csv","folderPath":"/process"}},"dependsOn":[]},{"name":"[concat(parameters('factoryName'), '/Motor_Ulatina_Blob')]","type":"Microsoft.DataFactory/factories/datasets","apiVersion":"2018-06-01","properties":{"linkedServiceName":{"referenceName":"[parameters('AzureStorageLinkedService')]","type":"LinkedServiceReference"},"folder":{"name":"Costa Rica"},"annotations":[],"type":"AzureBlob","structure":[{"name":"student id","type":"String"},{"name":"gender","type":"String"},{"name":"marital status","type":"String"},{"name":"age","type":"String"},{"name":"zipcode or geocode","type":"String"},{"name":"city","type":"String"},{"name":"state","type":"String"},{"name":"high school","type":"String"},{"name":"high shool type","type":"String"},{"name":"high school graduation year","type":"String"},{"name":"programme of study","type":"String"},{"name":"faculty or school","type":"String"},{"name":"degree level","type":"String"},{"name":"campus","type":"String"},{"name":"enrolment cohort","type":"String"},{"name":"enrolment year","type":"String"},{"name":"num academic cycles","type":"String"},{"name":"total courses enrolled","type":"String"},{"name":"total courses failed","type":"String"},{"name":"credits earned","type":"String"},{"name":"credits attempted","type":"String"},{"name":"academic cycle","type":"String"},{"name":"schedule","type":"String"},{"name":"class start date","type":"String"},{"name":"enrolment date","type":"String"},{"name":"credits enrolled","type":"String"},{"name":"courses enrolled","type":"String"},{"name":"courses dropped","type":"String"},{"name":"final grade","type":"String"},{"name":"credits earned cycle","type":"String"},{"name":"graduation flag","type":"String"},{"name":"stopout flag","type":"String"},{"name":"early stopout flag","type":"String"},{"name":"withdrawal flag","type":"String"},{"name":"withdrawal type","type":"String"},{"name":"student type","type":"String"},{"name":"student sub type","type":"String"},{"name":"sholarship flag","type":"String"},{"name":"scholarship percent","type":"String"},{"name":"discount percent","type":"String"},{"name":"scholarship type","type":"String"},{"name":"payment plan","type":"String"},{"name":"total balance","type":"String"},{"name":"payment 1 amount","type":"String"},{"name":"payment 2 amount","type":"String"},{"name":"payment 3 amount","type":"String"},{"name":"payment 4 amount","type":"String"},{"name":"payment 1 due date","type":"String"},{"name":"payment 2 due date","type":"String"},{"name":"payment 3 due date","type":"String"},{"name":"payment 4 due date","type":"String"},{"name":"payment 1 date","type":"String"},{"name":"payment 2 date","type":"String"},{"name":"payment 3 date","type":"String"},{"name":"payment 4 date","type":"String"},{"name":"academic week","type":"String"}],"typeProperties":{"format":{"type":"TextFormat","columnDelimiter":",","rowDelimiter":"","nullValue":"\\N","treatEmptyAsNull":true,"skipLineCount":0,"firstRowAsHeader":true},"fileName":"Motor_Latina_LNO.csv","folderPath":"ulatina"}},"dependsOn":[]},{"name":"[concat(parameters('factoryName'), '/UAM_SFTP')]","type":"Microsoft.DataFactory/factories/datasets","apiVersion":"2018-06-01","properties":{"linkedServiceName":{"referenceName":"[parameters('CR_SFTP_LinkedService')]","type":"LinkedServiceReference"},"folder":{"name":"Costa Rica"},"annotations":[],"type":"FileShare","typeProperties":{"format":{"type":"TextFormat","columnDelimiter":",","rowDelimiter":"","nullValue":"\\N","treatEmptyAsNull":true,"skipLineCount":0,"firstRowAsHeader":true},"fileName":"Motor_UAM_LNO.csv","folderPath":"/process"}},"dependsOn":[]},{"name":"[concat(parameters('factoryName'), '/Motor_UAM_Blob')]","type":"Microsoft.DataFactory/factories/datasets","apiVersion":"2018-06-01","properties":{"linkedServiceName":{"referenceName":"[parameters('AzureStorageLinkedService')]","type":"LinkedServiceReference"},"folder":{"name":"Costa Rica"},"annotations":[],"type":"AzureBlob","typeProperties":{"format":{"type":"TextFormat","columnDelimiter":",","rowDelimiter":"","nullValue":"\\N","treatEmptyAsNull":true,"skipLineCount":0,"firstRowAsHeader":true},"fileName":"Motor_UAM_LNO.csv","folderPath":"uam"}},"dependsOn":[]},{"name":"[concat(parameters('factoryName'), '/RetentionPipeline_CR')]","type":"Microsoft.DataFactory/factories/pipelines","apiVersion":"2018-06-01","properties":{"activities":[{"name":"ExecuteEngines","type":"ExecuteSSISPackage","dependsOn":[],"policy":{"timeout":"7.00:00:00","retry":0,"retryIntervalInSeconds":30,"secureOutput":false,"secureInput":false},"userProperties":[],"typeProperties":{"packageLocation":{"packagePath":"COSTARICA/CR_ETLs/ExecuteFunctions.dtsx","type":"SSISDB"},"connectVia":{"referenceName":"SSIS-IR","type":"IntegrationRuntimeReference"},"loggingLevel":"Basic","projectConnectionManagers":{},"packageConnectionManagers":{}}}],"folder":{"name":"Costa Rica"},"annotations":[],"lastPublishTime":"2018-12-20T23:27:59Z"},"dependsOn":[]},{"name":"[concat(parameters('factoryName'), '/MailSummary_CR')]","type":"Microsoft.DataFactory/factories/pipelines","apiVersion":"2018-06-01","properties":{"activities":[{"name":"WeeklySummaryCR","type":"WebActivity","dependsOn":[],"policy":{"timeout":"7.00:00:00","retry":0,"retryIntervalInSeconds":30,"secureOutput":false,"secureInput":false},"userProperties":[],"typeProperties":{"url":"https://centam-appservice.azurewebsites.net/api/WeeklySummaryCR?code=tyCtlhEV0ija8Ioo/6ET4dadFmKOeUdAhV7/J12XkzHZUH21RAHj7A==","method":"GET","headers":{}}},{"name":"CreateRuleCR","type":"WebActivity","dependsOn":[{"activity":"WeeklySummaryCR","dependencyConditions":["Succeeded"]}],"policy":{"timeout":"7.00:00:00","retry":0,"retryIntervalInSeconds":30,"secureOutput":false,"secureInput":false},"userProperties":[],"typeProperties":{"url":"https://centam-appservice.azurewebsites.net/api/RuleCreatorCR?code=jIoQ2g0x8aGDlFUKsDCuSEAs6VnpdRPyW1uxA5SPQcVmFsrlCdEKCA==","method":"GET","headers":{}}}],"folder":{"name":"Costa Rica"},"annotations":[],"lastPublishTime":"2019-01-08T00:19:33Z"},"dependsOn":[]},{"name":"[concat(parameters('factoryName'), '/SaveToBlob_CR')]","type":"Microsoft.DataFactory/factories/pipelines","apiVersion":"2018-06-01","properties":{"activities":[{"name":"SaveToBlob_UAM","type":"WebActivity","dependsOn":[],"policy":{"timeout":"7.00:00:00","retry":0,"retryIntervalInSeconds":30,"secureOutput":false,"secureInput":false},"userProperties":[],"typeProperties":{"url":"https://reporttoblob.azurewebsites.net/api/reportToBlob?code=oEw8f9GqSj6Pakf0vaKH3CPGAUNokrZl5Eg4p/eaUuta/xsEVPOvyA==","method":"POST","headers":{},"body":{"ep":"UAM_ULATINA&rs:Command=Render&University=UAM&rc:Parameters=false&rs:Format=EXCEL","name":"UAM Report","container":"uamreports"}}},{"name":"SaveToBlob_ULATINA","type":"WebActivity","dependsOn":[],"policy":{"timeout":"7.00:00:00","retry":0,"retryIntervalInSeconds":30,"secureOutput":false,"secureInput":false},"userProperties":[],"typeProperties":{"url":"https://reporttoblob.azurewebsites.net/api/reportToBlob?code=oEw8f9GqSj6Pakf0vaKH3CPGAUNokrZl5Eg4p/eaUuta/xsEVPOvyA==","method":"POST","headers":{},"body":{"ep":"UAM_ULATINA&rs:Command=Render&University=ULATINA&rc:Parameters=false&rs:Format=EXCEL","name":"ULATINA Report","container":"uamreports"}}}],"folder":{"name":"Costa Rica"},"annotations":[],"lastPublishTime":"2019-06-11T19:33:32Z"},"dependsOn":[]}]}